Account,Credit/Banking,Month,Date,Category,Transaction,Spending,Income,Total Amount,
Jerry Maguire,Credit Card,03.Mar,21/Mar/18,Retail-Fast Food,Burger King,(10.05),0.00 ,(10.05),
Jerry Maguire,Credit Card,03.Mar,22/Mar/18,Retail-Fast Food,Tim Horton,(8.15),0.00 ,(8.15),
Jerry Maguire,Credit Card,03.Mar,22/Mar/18,Retail-Fast Food,McDonald's,(32.59),0.00 ,(32.59),
Jerry Maguire,Credit Card,03.Mar,22/Mar/18,Retail-Eating Places,Tony Roma,(43.15),0.00 ,(43.15),
Jerry Maguire,Credit Card,03.Mar,23/Mar/18,Services - Marketing,Vanellope Marketing,(105.00),0.00 ,(105.00),
Jerry Maguire,Credit Card,03.Mar,23/Mar/18,Retail-Eating Places,Royal Pizza,(42.87),0.00 ,(42.87),
Jerry Maguire,Credit Card,03.Mar,26/Mar/18,Retail-Grocery Stores,Wal-Mart,(39.35),0.00 ,(39.35),
Jerry Maguire,Credit Card,03.Mar,27/Mar/18,Retail-other,Nespresso,(206.50),0.00 ,(206.50),
Jerry Maguire,Credit Card,03.Mar,27/Mar/18,Retail-Fast Food,Tim Horton,(13.62),0.00 ,(13.62),
Jerry Maguire,Credit Card,03.Mar,28/Mar/18,Retail-Fast Food,Subway,(12.28),0.00 ,(12.28),
Jerry Maguire,Credit Card,10.Oct,6/Oct/18,Services-auto cleaner,Lightning McQueen car wash,(31.49),0.00 ,(31.49),
Jerry Maguire,Credit Card,03.Mar,29/Mar/18,Retail-Fast Food,Subway,(22.13),0.00 ,(22.13),
Jerry Maguire,Credit Card,04.April,2/Apr/18,Retail-Grocery Stores,Sobeys,(35.94),0.00 ,(35.94),
Jerry Maguire,Credit Card,04.April,3/Apr/18,Retail-Fast Food,Tim Horton,(6.06),0.00 ,(6.06),
Jerry Maguire,Credit Card,04.April,3/Apr/18,Retail-Supplies,Staples,(90.43),0.00 ,(90.43),
Jerry Maguire,Credit Card,04.April,3/Apr/18,Retail-Fast Food,Arby's,(12.67),0.00 ,(12.67),
Jerry Maguire,Credit Card,04.April,4/Apr/18,Retail-Fast Food,Subway,(23.08),0.00 ,(23.08),
Jerry Maguire,Credit Card,04.April,6/Apr/18,Retail-Eating Places,Sushi Shop,(66.88),0.00 ,(66.88),
Jerry Maguire,Credit Card,04.April,9/Apr/18,Retail-Grocery Stores,Yogi bear Meat and Seafood,(11.85),0.00 ,(11.85),
Bob The Builder,Credit Card,04.April,9/Apr/18,"Retail-Building Materials, Hardware, Garden Supply",Rona,(102.87),0.00 ,(102.87),
Jerry Maguire,Credit Card,04.April,9/Apr/18,Retail-Eating Places,Sushi Shop,(63.15),0.00 ,(63.15),
Jerry Maguire,Credit Card,04.April,10/Apr/18,"Retail-Building Materials, Hardware, Garden Supply",Canadian Tire,(146.98),0.00 ,(146.98),
Jerry Maguire,Credit Card,04.April,10/Apr/18,Retail-Grocery Stores,Sobeys,(29.50),0.00 ,(29.50),
Jerry Maguire,Credit Card,04.April,12/Apr/18,Retail-Grocery Stores,Safeway,(24.83),0.00 ,(24.83),
Jerry Maguire,Credit Card,04.April,13/Apr/18,Retail-Fast Food,Subway,(29.24),0.00 ,(29.24),
Jerry Maguire,Credit Card,04.April,14/Apr/18,Retail-Fast Food,Tim Horton,(10.47),0.00 ,(10.47),
Jerry Maguire,Credit Card,04.April,16/Apr/18,Retail-Grocery Stores,Sobeys,(64.28),0.00 ,(64.28),
Jerry Maguire,Credit Card,04.April,18/Apr/18,Retail-Eating Places,Be our guest,(13.57),0.00 ,(13.57),
Jerry Maguire,Credit Card,04.April,19/Apr/18,Retail-Fast Food,McDonald's,(34.70),0.00 ,(34.70),
Jerry Maguire,Credit Card,04.April,19/Apr/18,Retail-Eating Places,Sushi Shop,(40.68),0.00 ,(40.68),
Jerry Maguire,Credit Card,04.April,20/Apr/18,Retail-Grocery Stores,Wal-Mart,(27.51),0.00 ,(27.51),
Jerry Maguire,Credit Card,04.April,23/Apr/18,Retail-Fast Food,Subway,(14.58),0.00 ,(14.58),
Jerry Maguire,Credit Card,04.April,24/Apr/18,Retail-Eating Places,Taco Time     ,(17.58),0.00 ,(17.58),
Jerry Maguire,Credit Card,04.April,25/Apr/18,Retail-Fast Food,Tim Horton,(5.95),0.00 ,(5.95),
Jerry Maguire,Credit Card,04.April,25/Apr/18,Retail-Eating Places,Panda's Imperial China Dim Sum,(50.25),0.00 ,(50.25),
Jerry Maguire,Credit Card,04.April,26/Apr/18,Retail-Eating Places,Sushi Shop,(59.28),0.00 ,(59.28),
Jerry Maguire,Credit Card,04.April,27/Apr/18,Retail-Fast Food,KFC,(20.03),0.00 ,(20.03),
Jerry Maguire,Credit Card,04.April,27/Apr/18,"Retail-Building Materials, Hardware, Garden Supply",Home Depot,(86.52),0.00 ,(86.52),
Jerry Maguire,Credit Card,04.April,27/Apr/18,"Retail-Building Materials, Hardware, Garden Supply",Home Depot,(19.76),0.00 ,(19.76),
Jerry Maguire,Credit Card,04.April,28/Apr/18,Retail-Fast Food,Tim Horton,(9.62),0.00 ,(9.62),
Jerry Maguire,Credit Card,03.Mar,30/Mar/18,Retail-Computer & Computer,Staples,(1049.96),0.00 ,(1049.96),
Jerry Maguire,Credit Card,04.April,30/Apr/18,Retail-Computer & Computer,Staples,(157.47),0.00 ,(157.47),
Jerry Maguire,Credit Card,05.May,2/May/18,Retail-Fast Food,Subway,(11.23),0.00 ,(11.23),
Jerry Maguire,Credit Card,05.May,3/May/18,Retail-Fast Food,Tim Horton,(7.74),0.00 ,(7.74),
Jerry Maguire,Credit Card,05.May,3/May/18,Retail-Fast Food,Tim Horton,(10.13),0.00 ,(10.13),
Jerry Maguire,Credit Card,05.May,4/May/18,Retail-Fast Food,Burger King,(17.08),0.00 ,(17.08),
Jerry Maguire,Credit Card,05.May,5/May/18,Retail-Fast Food,Dorothy's Burger,(23.63),0.00 ,(23.63),
Jerry Maguire,Credit Card,05.May,7/May/18,Retail-Grocery Stores,Sobeys,(74.68),0.00 ,(74.68),
Jerry Maguire,Credit Card,05.May,8/May/18,Retail-Fast Food,Tim Horton,(6.69),0.00 ,(6.69),
Jerry Maguire,Credit Card,05.May,10/May/18,Retail-Fast Food,Dorothy's Burger,(11.29),0.00 ,(11.29),
Jerry Maguire,Credit Card,05.May,15/May/18,Retail-Fast Food,Tim Horton,(8.05),0.00 ,(8.05),
Jerry Maguire,Credit Card,05.May,16/May/18,Retail-Eating Places,Be our guest,(13.57),0.00 ,(13.57),
Jerry Maguire,Credit Card,05.May,17/May/18,Retail-Eating Places,Royal Pizza,(60.94),0.00 ,(60.94),
Jerry Maguire,Credit Card,05.May,19/May/18,Services-auto,Princess Auto            ,(45.33),0.00 ,(45.33),
Jerry Maguire,Credit Card,05.May,22/May/18,Retail-Fast Food,McDonald's,(15.08),0.00 ,(15.08),
Jerry Maguire,Credit Card,05.May,23/May/18,Retail-other,Nespresso,(492.95),0.00 ,(492.95),
Jerry Maguire,Credit Card,05.May,23/May/18,Retail-Eating Places,Royal Pizza,(55.60),0.00 ,(55.60),
Jerry Maguire,Credit Card,05.May,24/May/18,Retail-Grocery Stores,Safeway,(12.72),0.00 ,(12.72),
Jerry Maguire,Credit Card,05.May,24/May/18,Retail-Fast Food,McDonald's,(50.56),0.00 ,(50.56),
Jerry Maguire,Credit Card,05.May,25/May/18,Retail-Eating Places,Panda's Imperial China Dim Sum,(83.46),0.00 ,(83.46),
Jerry Maguire,Credit Card,05.May,25/May/18,Retail-Fast Food,McDonald's,(12.85),0.00 ,(12.85),
Jerry Maguire,Credit Card,05.May,26/May/18,Retail-Grocery Stores,Safeway,(11.76),0.00 ,(11.76),
Jerry Maguire,Credit Card,05.May,28/May/18,Services-Golf,Magnolia Golf,(100.00),0.00 ,(100.00),
Jerry Maguire,Credit Card,05.May,28/May/18,Services-Golf,Magnolia Golf,(100.00),0.00 ,(100.00),
Jerry Maguire,Credit Card,05.May,28/May/18,Retail-Fast Food,Dairy Queen,(29.22),0.00 ,(29.22),
Jerry Maguire,Credit Card,05.May,28/May/18,Retail-Gas station,Mobile Gas,(45.69),0.00 ,(45.69),
Jerry Maguire,Credit Card,05.May,29/May/18,Retail-Fast Food,Tim Horton,(9.61),0.00 ,(9.61),
Jerry Maguire,Credit Card,05.May,29/May/18,Retail-Grocery Stores,Sobeys,(27.26),0.00 ,(27.26),
Jerry Maguire,Credit Card,05.May,30/May/18,"Retail-Building Materials, Hardware, Garden Supply",Home Depot,(41.59),0.00 ,(41.59),
Jerry Maguire,Credit Card,05.May,30/May/18,Retail-Fast Food,Tim Horton,(53.14),0.00 ,(53.14),
Jerry Maguire,Credit Card,05.May,30/May/18,Retail-Fast Food,Dorothy's Burger,(37.80),0.00 ,(37.80),
Jerry Maguire,Credit Card,05.May,31/May/18,Retail-Eating Places,Royal Pizza,(49.20),0.00 ,(49.20),
Jerry Maguire,Credit Card,06.June,1/Jun/18,Retail-Fast Food,Patti's deli,(17.20),0.00 ,(17.20),
Jerry Maguire,Credit Card,06.June,4/Jun/18,Retail-Fast Food,Tim Horton,(11.31),0.00 ,(11.31),
Jerry Maguire,Credit Card,06.June,5/Jun/18,Retail-Fast Food,Subway,(22.56),0.00 ,(22.56),
Jerry Maguire,Credit Card,06.June,6/Jun/18,Retail-Eating Places,Sushi Shop,(106.28),0.00 ,(106.28),
Jerry Maguire,Credit Card,06.June,8/Jun/18,Retail-Fast Food,Tim Horton,(11.91),0.00 ,(11.91),
Jerry Maguire,Credit Card,06.June,8/Jun/18,Retail-Grocery Stores,Sobeys,(42.84),0.00 ,(42.84),
Jerry Maguire,Credit Card,06.June,11/Jun/18,Retail-Grocery Stores,Sobeys,(21.14),0.00 ,(21.14),
Jerry Maguire,Credit Card,06.June,12/Jun/18,Retail-Fast Food,Tim Horton,(5.95),0.00 ,(5.95),
Jerry Maguire,Credit Card,06.June,12/Jun/18,Retail-Eating Places,Taco Time     ,(25.26),0.00 ,(25.26),
Jerry Maguire,Credit Card,06.June,13/Jun/18,Retail-Fast Food,Dorothy's Burger,(27.46),0.00 ,(27.46),
Jerry Maguire,Credit Card,06.June,15/Jun/18,Retail-Fast Food,Dairy Queen,(11.34),0.00 ,(11.34),
Jerry Maguire,Credit Card,06.June,15/Jun/18,Retail-Grocery Stores,Safeway,(14.96),0.00 ,(14.96),
Jerry Maguire,Credit Card,06.June,15/Jun/18,Services-Golf,Magnolia Golf,(100.00),0.00 ,(100.00),
Jerry Maguire,Credit Card,06.June,18/Jun/18,Retail-Fast Food,Fat Burger,(102.11),0.00 ,(102.11),
Jerry Maguire,Credit Card,06.June,19/Jun/18,Retail-Fast Food,Tim Horton,(13.89),0.00 ,(13.89),
Jerry Maguire,Credit Card,06.June,20/Jun/18,Retail-Eating Places,Royal Pizza,(71.64),0.00 ,(71.64),
Jerry Maguire,Credit Card,06.June,21/Jun/18,Retail-Fast Food,Tim Horton,(11.09),0.00 ,(11.09),
Jerry Maguire,Credit Card,06.June,21/Jun/18,Retail-Fast Food,Tim Horton,(7.75),0.00 ,(7.75),
Jerry Maguire,Credit Card,06.June,27/Jun/18,Services-auto,Princess Auto            ,(110.69),0.00 ,(110.69),
Jerry Maguire,Credit Card,06.June,28/Jun/18,Services-auto,Princess Auto            ,(26.64),0.00 ,(26.64),
Jerry Maguire,Credit Card,06.June,28/Jun/18,Retail-Computer & Computer,Staples,(83.98),0.00 ,(83.98),
Jerry Maguire,Credit Card,06.June,29/Jun/18,Retail-Fast Food,Tim Horton,(15.10),0.00 ,(15.10),
Jerry Maguire,Credit Card,07.July,3/Jul/18,Retail-Fast Food,Tim Horton,(11.91),0.00 ,(11.91),
Jerry Maguire,Credit Card,07.July,4/Jul/18,Retail-Fast Food,McDonald's,(25.81),0.00 ,(25.81),
Jerry Maguire,Credit Card,07.July,5/Jul/18,Retail-Fast Food,KFC,(29.26),0.00 ,(29.26),
Jerry Maguire,Credit Card,07.July,5/Jul/18,Retail-Gas station,Mobile Gas,(32.90),0.00 ,(32.90),
Jerry Maguire,Credit Card,07.July,7/Jul/18,Retail-Fast Food,Tim Horton,(6.16),0.00 ,(6.16),
Jerry Maguire,Credit Card,07.July,9/Jul/18,Retail-Eating Places,Bean coffee,(21.40),0.00 ,(21.40),
Jerry Maguire,Credit Card,07.July,10/Jul/18,Retail-Eating Places,Bean coffee,(5.50),0.00 ,(5.50),
Jerry Maguire,Credit Card,07.July,10/Jul/18,Retail-Eating Places,Taco Time     ,(61.09),0.00 ,(61.09),
Jerry Maguire,Credit Card,07.July,11/Jul/18,Retail-Grocery Stores,Wal-Mart,(50.62),0.00 ,(50.62),
Jerry Maguire,Credit Card,07.July,11/Jul/18,Retail-Fast Food,Dorothy's Burger,(17.59),0.00 ,(17.59),
Jerry Maguire,Credit Card,07.July,13/Jul/18,Retail-Eating Places,Bean coffee,(15.00),0.00 ,(15.00),
Jerry Maguire,Credit Card,07.July,13/Jul/18,Retail-Grocery Stores,Sobeys,(35.94),0.00 ,(35.94),
Bob The Builder,Credit Card,07.July,14/Jul/18,Retail-Family Clothing Stores,Mani's Warehouse,(78.74),0.00 ,(78.74),
Jerry Maguire,Credit Card,07.July,16/Jul/18,Services-auto,Jackson's Lube,(148.77),0.00 ,(148.77),
Jerry Maguire,Credit Card,07.July,16/Jul/18,Retail-Eating Places,Sushi Shop,(50.61),0.00 ,(50.61),
Jerry Maguire,Credit Card,07.July,19/Jul/18,Retail-Grocery Stores,Superstore,(31.92),0.00 ,(31.92),
Jerry Maguire,Credit Card,07.July,19/Jul/18,Retail-Fast Food,Tim Horton,(7.21),0.00 ,(7.21),
Jerry Maguire,Credit Card,07.July,21/Jul/18,Retail-Eating Places,Panda's Imperial China Dim Sum,(45.05),0.00 ,(45.05),
Jerry Maguire,Credit Card,07.July,23/Jul/18,Retail-Grocery Stores,Sobeys,(45.47),0.00 ,(45.47),
Jerry Maguire,Credit Card,07.July,24/Jul/18,Retail-Fast Food,Tim Horton,(7.21),0.00 ,(7.21),
Jerry Maguire,Credit Card,07.July,25/Jul/18,Retail-Fast Food,Subway,(22.24),0.00 ,(22.24),
Jerry Maguire,Credit Card,07.July,25/Jul/18,Retail-Fast Food,McDonald's,(33.36),0.00 ,(33.36),
Jerry Maguire,Credit Card,07.July,27/Jul/18,Retail-Grocery Stores,Sobeys,(32.14),0.00 ,(32.14),
Jerry Maguire,Credit Card,07.July,30/Jul/18,Retail-Grocery Stores,Superstore,(33.32),0.00 ,(33.32),
Jerry Maguire,Credit Card,07.July,31/Jul/18,Retail-Fast Food,Tim Horton,(47.01),0.00 ,(47.01),
Jerry Maguire,Credit Card,07.July,31/Jul/18,Retail-Grocery Stores,Wal-Mart,(39.85),0.00 ,(39.85),
Jerry Maguire,Credit Card,08.August,14/Aug/18,"Retail-Building Materials, Hardware, Garden Supply",Canadian Tire,(56.68),0.00 ,(56.68),
Jerry Maguire,Credit Card,08.August,16/Aug/18,Retail-Eating Places,Bean coffee,(16.00),0.00 ,(16.00),
Jerry Maguire,Credit Card,08.August,17/Aug/18,Retail-Fast Food,KFC,(25.39),0.00 ,(25.39),
Jerry Maguire,Credit Card,08.August,20/Aug/18,Retail-Grocery Stores,Sobeys,(28.63),0.00 ,(28.63),
Jerry Maguire,Credit Card,08.August,21/Aug/18,Retail-Fast Food,McDonald's,(7.96),0.00 ,(7.96),
Jerry Maguire,Credit Card,08.August,21/Aug/18,Retail-Fast Food,McDonald's,(7.96),0.00 ,(7.96),
Jerry Maguire,Credit Card,08.August,21/Aug/18,Retail-Fast Food,McDonald's,(22.64),0.00 ,(22.64),
Jerry Maguire,Credit Card,08.August,22/Aug/18,Retail-Fast Food,Subway,(12.70),0.00 ,(12.70),
Jerry Maguire,Credit Card,08.August,23/Aug/18,Retail-Eating Places,Bean coffee,(16.00),0.00 ,(16.00),
Jerry Maguire,Credit Card,08.August,23/Aug/18,Retail-Fast Food,Subway,(31.05),0.00 ,(31.05),
Jerry Maguire,Credit Card,08.August,27/Aug/18,Retail-Fast Food,Tim Horton,(13.29),0.00 ,(13.29),
Jerry Maguire,Credit Card,08.August,29/Aug/18,Retail-Eating Places,Royal Pizza,(41.32),0.00 ,(41.32),
Jerry Maguire,Credit Card,09.Sept,4/Sep/18,Retail-Fast Food,Tim Horton,(8.99),0.00 ,(8.99),
Jerry Maguire,Credit Card,09.Sept,4/Sep/18,Retail-Eating Places,Panda's Imperial China Dim Sum,(39.70),0.00 ,(39.70),
Jerry Maguire,Credit Card,09.Sept,4/Sep/18,Retail-Supplies,Staples,(87.72),0.00 ,(87.72),
Jerry Maguire,Credit Card,09.Sept,4/Sep/18,Services-Golf,Magnolia Golf,(100.00),0.00 ,(100.00),
Jerry Maguire,Credit Card,09.Sept,5/Sep/18,Services-Safety,Mani's lock and safety store,(25.20),0.00 ,(25.20),
Jerry Maguire,Credit Card,09.Sept,5/Sep/18,Retail-Fast Food,Dorothy's Burger,(71.90),0.00 ,(71.90),
Jerry Maguire,Credit Card,09.Sept,7/Sep/18,Retail-Eating Places,Royal Pizza,(57.62),0.00 ,(57.62),
Jerry Maguire,Credit Card,09.Sept,11/Sep/18,Retail-Grocery Stores,Superstore,(27.25),0.00 ,(27.25),
Jerry Maguire,Credit Card,09.Sept,12/Sep/18,Retail-Eating Places,Sushi Shop,(60.98),0.00 ,(60.98),
Bob The Builder,Credit Card,09.Sept,12/Sep/18,Retail-Family Clothing Stores,Mani's Warehouse,(49.89),0.00 ,(49.89),
Jerry Maguire,Credit Card,09.Sept,13/Sep/18,Retail-Gas station,Mobile Gas,(27.04),0.00 ,(27.04),
Jerry Maguire,Credit Card,09.Sept,13/Sep/18,Retail - Books & Household items,Amazon,(85.53),0.00 ,(85.53),
Jerry Maguire,Credit Card,09.Sept,14/Sep/18,Retail-Eating Places,Bean coffee,(14.00),0.00 ,(14.00),
Jerry Maguire,Credit Card,09.Sept,17/Sep/18,Retail - Books & Household items,Amazon,(37.99),0.00 ,(37.99),
Jerry Maguire,Credit Card,09.Sept,17/Sep/18,Telephone,Bell Mobility,(52.50),0.00 ,(52.50),
Jerry Maguire,Credit Card,10.Oct,17/Oct/18,Telephone,Bell Mobility,(52.50),0.00 ,(52.50),
Jerry Maguire,Credit Card,09.Sept,17/Sep/18,"Retail-Building Materials, Hardware, Garden Supply",Home Depot,(48.70),0.00 ,(48.70),
Jerry Maguire,Credit Card,09.Sept,18/Sep/18,Retail-Fast Food,Tim Horton,(51.98),0.00 ,(51.98),
Jerry Maguire,Credit Card,09.Sept,20/Sep/18,Retail-Grocery Stores,Wal-Mart,(50.05),0.00 ,(50.05),
Jerry Maguire,Credit Card,09.Sept,20/Sep/18,Retail-Fast Food,Tim Horton,(20.57),0.00 ,(20.57),
Jerry Maguire,Credit Card,09.Sept,20/Sep/18,Retail-Gas station,Mobile Gas,(33.90),0.00 ,(33.90),
Jerry Maguire,Credit Card,09.Sept,21/Sep/18,Retail-Eating Places,Taco Time     ,(74.30),0.00 ,(74.30),
Jerry Maguire,Credit Card,09.Sept,21/Sep/18,Retail-Eating Places,Taco Time     ,(10.69),0.00 ,(10.69),
Jerry Maguire,Credit Card,09.Sept,22/Sep/18,Retail-Fast Food,Tim Horton,(39.29),0.00 ,(39.29),
Jerry Maguire,Credit Card,09.Sept,25/Sep/18,Retail-other,Nespresso,(284.50),0.00 ,(284.50),
Jerry Maguire,Credit Card,09.Sept,26/Sep/18,Retail-Fast Food,Tim Horton,(10.79),0.00 ,(10.79),
Jerry Maguire,Credit Card,09.Sept,27/Sep/18,Retail-Eating Places,tony Roma,(75.60),0.00 ,(75.60),
Jerry Maguire,Credit Card,09.Sept,27/Sep/18,"Retail-Building Materials, Hardware, Garden Supply",Home Depot,(248.08),0.00 ,(248.08),
Jerry Maguire,Credit Card,09.Sept,27/Sep/18,Retail-Fast Food,Tim Horton,(7.13),0.00 ,(7.13),
Jerry Maguire,Credit Card,10.Oct,13/Oct/18,Services-auto cleaner,Lightning McQueen car wash,(31.49),0.00 ,(31.49),
Jerry Maguire,Credit Card,10.Oct,1/Oct/18,Retail-Fast Food,KFC,(24.22),0.00 ,(24.22),
Jerry Maguire,Credit Card,10.Oct,1/Oct/18,Retail-Grocery Stores,Safeway,(13.42),0.00 ,(13.42),
Jerry Maguire,Credit Card,10.Oct,2/Oct/18,Retail-Fast Food,McDonald's,(18.83),0.00 ,(18.83),
Jerry Maguire,Credit Card,10.Oct,27/Oct/18,Services-auto cleaner,Lightning McQueen car wash,(31.49),0.00 ,(31.49),
Jerry Maguire,Credit Card,10.Oct,9/Oct/18,"Retail-Building Materials, Hardware, Garden Supply",Home Depot,(51.31),0.00 ,(51.31),
Jerry Maguire,Credit Card,11.Nov,3/Nov/18,Services-auto cleaner,Lightning McQueen car wash,(31.49),0.00 ,(31.49),
Jerry Maguire,Credit Card,11.Nov,10/Nov/18,Services-auto cleaner,Lightning McQueen car wash,(31.49),0.00 ,(31.49),
Jerry Maguire,Credit Card,11.Nov,17/Nov/18,Services-auto cleaner,Lightning McQueen car wash,(31.49),0.00 ,(31.49),
Jerry Maguire,Credit Card,10.Oct,11/Oct/18,Retail-Fast Food,Tim Horton,(8.39),0.00 ,(8.39),
Jerry Maguire,Credit Card,10.Oct,12/Oct/18,Services-auto,Princess Auto            ,(209.95),0.00 ,(209.95),
Jerry Maguire,Credit Card,10.Oct,16/Oct/18,Retail - Books & Household items,Amazon,(110.22),0.00 ,(110.22),
Jerry Maguire,Credit Card,10.Oct,17/Oct/18,Retail-Fast Food,Tim Horton,(5.99),0.00 ,(5.99),
Jerry Maguire,Credit Card,10.Oct,17/Oct/18,Retail-Fast Food,Subway,(11.53),0.00 ,(11.53),
Jerry Maguire,Credit Card,10.Oct,20/Oct/18,Services-Golf,Magnolia Golf,(100.00),0.00 ,(100.00),
Jerry Maguire,Credit Card,10.Oct,22/Oct/18,Retail-Grocery Stores,Wal-Mart,(25.01),0.00 ,(25.01),
Jerry Maguire,Credit Card,10.Oct,24/Oct/18,Retail-Fast Food,Subway,(28.86),0.00 ,(28.86),
Jerry Maguire,Credit Card,10.Oct,24/Oct/18,Services-auto,Princess Auto            ,(167.99),0.00 ,(167.99),
Jerry Maguire,Credit Card,10.Oct,25/Oct/18,Retail-Fast Food,Tim Horton,(8.39),0.00 ,(8.39),
Jerry Maguire,Credit Card,10.Oct,26/Oct/18,Retail-Eating Places,Original Joes,(58.27),0.00 ,(58.27),
Jerry Maguire,Credit Card,10.Oct,26/Oct/18,Retail-Grocery Stores,Wal-Mart,(26.71),0.00 ,(26.71),
Jerry Maguire,Credit Card,10.Oct,26/Oct/18,Retail-Fast Food,Burger King,(17.93),0.00 ,(17.93),
Jerry Maguire,Credit Card,10.Oct,26/Oct/18,Retail-Gas station,Mobile Gas,(30.27),0.00 ,(30.27),
Jerry Maguire,Credit Card,10.Oct,26/Oct/18,Retail-Computer & Computer,Staples,(120.11),0.00 ,(120.11),
Jerry Maguire,Credit Card,10.Oct,29/Oct/18,Retail-Computer & Computer,Staples,(31.49),0.00 ,(31.49),
Jerry Maguire,Credit Card,10.Oct,29/Oct/18,Retail-Grocery Stores,Sobeys,(25.70),0.00 ,(25.70),
Jerry Maguire,Credit Card,10.Oct,30/Oct/18,Retail-Eating Places,Sushi Shop,(85.43),0.00 ,(85.43),
Jerry Maguire,Credit Card,10.Oct,30/Oct/18,Retail-Fast Food,Tim Horton,(10.38),0.00 ,(10.38),
Jerry Maguire,Credit Card,11.Nov,24/Nov/18,Services-auto cleaner,Lightning McQueen car wash,(31.49),0.00 ,(31.49),
Jerry Maguire,Credit Card,12.Dec,1/Dec/18,Services-auto cleaner,Lightning McQueen car wash,(31.49),0.00 ,(31.49),
Jerry Maguire,Credit Card,12.Dec,8/Dec/18,Services-auto cleaner,Lightning McQueen car wash,(31.49),0.00 ,(31.49),
Jerry Maguire,Credit Card,12.Dec,15/Dec/18,Services-auto cleaner,Lightning McQueen car wash,(31.49),0.00 ,(31.49),
Jerry Maguire,Credit Card,12.Dec,22/Dec/18,Services-auto cleaner,Lightning McQueen car wash,(31.49),0.00 ,(31.49),
Jerry Maguire,Credit Card,12.Dec,29/Dec/18,Services-auto cleaner,Lightning McQueen car wash,(31.49),0.00 ,(31.49),
Jerry Maguire,Credit Card,09.Sept,1/Sep/18,Services-auto cleaner,Lightning McQueen car wash,(31.49),0.00 ,(31.49),
Jerry Maguire,Credit Card,09.Sept,8/Sep/18,Services-auto cleaner,Lightning McQueen car wash,(31.49),0.00 ,(31.49),
Jerry Maguire,Credit Card,09.Sept,15/Sep/18,Services-auto cleaner,Lightning McQueen car wash,(31.49),0.00 ,(31.49),
Jerry Maguire,Credit Card,10.Oct,31/Oct/18,Retail-Fast Food,Subway,(9.34),0.00 ,(9.34),
Jerry Maguire,Credit Card,11.Nov,1/Nov/18,Retail-Grocery Stores,Wal-Mart,(21.80),0.00 ,(21.80),
Jerry Maguire,Credit Card,11.Nov,5/Nov/18,Retail-Grocery Stores,Safeway,(16.75),0.00 ,(16.75),
Jerry Maguire,Credit Card,11.Nov,7/Nov/18,Retail-Eating Places,Moxies,(134.75),0.00 ,(134.75),
Jerry Maguire,Credit Card,11.Nov,7/Nov/18,Retail-Fast Food,Tim Horton,(8.91),0.00 ,(8.91),
Jerry Maguire,Credit Card,11.Nov,22/Nov/18,Services-auto cleaner,Lightning McQueen car wash,(31.49),0.00 ,(31.49),
Jerry Maguire,Credit Card,11.Nov,9/Nov/18,"Retail-Building Materials, Hardware, Garden Supply",Home Depot,(56.69),0.00 ,(56.69),
Jerry Maguire,Credit Card,11.Nov,9/Nov/18,Retail-Eating Places,Sushi Shop,(192.99),0.00 ,(192.99),
Jerry Maguire,Credit Card,11.Nov,12/Nov/18,Retail-Fast Food,Tim Horton,(12.03),0.00 ,(12.03),
Bat Man,Credit Card,03.Mar,14/Mar/18,Retail-Eating Places,Panda's Imperial China Dim Sum,(73.00),0.00 ,(73.00),
Bat Man,Credit Card,03.Mar,15/Mar/18,Retail-Fast Food,A&W,(11.41),0.00 ,(11.41),
Bat Man,Banking,04.April,6/Apr/18,eTransfer - Vacation Property rental,Aqua Land Rental,(5000.00),0.00 ,(5000.00),
Bat Man,Credit Card,04.April,9/Apr/18,Services-auto cleaner,Lightning McQueen car wash,(31.49),0.00 ,(31.49),
Bat Man,Credit Card,04.April,10/Apr/18,Retail-Eating Places,Panda's Imperial China Dim Sum,(45.15),0.00 ,(45.15),
Bat Man,Credit Card,04.April,11/Apr/18,Retail-Gas station,Mobile Gas,(28.68),0.00 ,(28.68),
Bat Man,Credit Card,04.April,11/Apr/18,Retail-Eating Places,Panda's Imperial China Dim Sum,(179.64),0.00 ,(179.64),
Bat Man,Credit Card,04.April,12/Apr/18,Hotels & Motels,Hollywood's inn,(178.00),0.00 ,(178.00),
Bat Man,Credit Card,04.April,12/Apr/18,Retail-Eating Places,Snow White Kitchen,(45.15),0.00 ,(45.15),
Bat Man,Credit Card,04.April,12/Apr/18,Retail - Books & Household items,Tiana's library,(375.80),0.00 ,(375.80),
Bat Man,Credit Card,04.April,17/Apr/18,Hotels & Motels,Hollywood Motel,(18.22),0.00 ,(18.22),
Bat Man,Credit Card,04.April,18/Apr/18,Retail-Fast Food,McDonald's,(23.48),0.00 ,(23.48),
Bat Man,Credit Card,04.April,18/Apr/18,Retail-Fast Food,Subway,(40.00),0.00 ,(40.00),
Bat Man,Credit Card,04.April,22/Apr/18,Services-auto cleaner,Lightning McQueen car wash,(31.49),0.00 ,(31.49),
Bob The Builder,Credit Card,04.April,24/Apr/18,"Retail-Building Materials, Hardware, Garden Supply",Canadian Tire,(52.19),0.00 ,(52.19),
Bat Man,Credit Card,04.April,27/Apr/18,Retail-Fast Food,Tim Horton,(8.48),0.00 ,(8.48),
Bat Man,Banking,05.May,3/May/18,eTransfer - Vacation Property rental,Aqua Land Rental,(5000.00),0.00 ,(5000.00),
Bat Man,Credit Card,05.May,9/May/18,Retail-Fast Food,Tim Horton,(8.90),0.00 ,(8.90),
Bat Man,Credit Card,05.May,9/May/18,Services-auto cleaner,Lightning McQueen car wash,(31.49),0.00 ,(31.49),
Bat Man,Credit Card,05.May,9/May/18,Retail-Fast Food,Tim Horton,(17.50),0.00 ,(17.50),
Bat Man,Credit Card,05.May,9/May/18,Retail-Gas station,Shell,(1013.25),0.00 ,(1013.25),
Bat Man,Credit Card,05.May,9/May/18,Retail-Fast Food,McDonald's,(92.08),0.00 ,(92.08),
Bat Man,Credit Card,05.May,10/May/18,Retail-Auto Glass,Clearly clear glass,(17.30),0.00 ,(17.30),
Bat Man,Credit Card,05.May,10/May/18,Retail-Corner store,The cornerstone,(28.21),0.00 ,(28.21),
Bat Man,Credit Card,05.May,10/May/18,Retail-Fast Food,Subway,(160.70),0.00 ,(160.70),
Bat Man,Credit Card,05.May,11/May/18,Retail-Fast Food,KFC,(186.85),0.00 ,(186.85),
Bat Man,Credit Card,05.May,12/May/18,Services-Golf,Magnolia Golf,(100.00),0.00 ,(100.00),
Bat Man,Credit Card,05.May,13/May/18,Services-Golf,Magnolia Golf,(100.00),0.00 ,(100.00),
Bat Man,Credit Card,05.May,14/May/18,Hotels & Motels,Magic Kingdom,(23.48),0.00 ,(23.48),
Bat Man,Credit Card,05.May,15/May/18,Retail-Fast Food,KFC,(400.00),0.00 ,(400.00),
Bat Man,Credit Card,05.May,15/May/18,Retail-Fast Food,Subway,(44.10),0.00 ,(44.10),
Bat Man,Credit Card,05.May,16/May/18,Services-Golf,Magnolia Golf,(100.00),0.00 ,(100.00),
Bat Man,Credit Card,05.May,17/May/18,Services-Golf,Magnolia Golf,(100.00),0.00 ,(100.00),
Bat Man,Credit Card,05.May,18/May/18,Services-auto,Finn's car shop,(130.33),0.00 ,(130.33),
Bat Man,Credit Card,05.May,20/May/18,Retail-Fast Food,Subway,(50.00),0.00 ,(50.00),
Bat Man,Credit Card,05.May,21/May/18,Retail-Corner store,The cornerstone,(27.75),0.00 ,(27.75),
Bat Man,Credit Card,05.May,15/May/18,Services-auto cleaner,Lightning McQueen car wash,(31.49),0.00 ,(31.49),
Bat Man,Credit Card,05.May,21/May/18,Services-auto cleaner,Lightning McQueen car wash,(31.49),0.00 ,(31.49),
Bat Man,Credit Card,05.May,21/May/18,Retail-Gas station,Shell,(20.13),0.00 ,(20.13),
Bat Man,Credit Card,05.May,23/May/18,Retail-Corner store,The cornerstone,(22.32),0.00 ,(22.32),
Bat Man,Credit Card,05.May,24/May/18,Retail-Fast Food,Subway,(20.99),0.00 ,(20.99),
Bat Man,Credit Card,05.May,28/May/18,Retail-Fast Food,Subway,(25.43),0.00 ,(25.43),
Bob The Builder,Credit Card,05.May,29/May/18,"Retail-Building Materials, Hardware, Garden Supply",Canadian Tire,(375.80),0.00 ,(375.80),
Bat Man,Credit Card,05.May,31/May/18,Retail-Fast Food,Pluto's Burger Baron,(105.20),0.00 ,(105.20),
Bat Man,Credit Card,06.June,3/Jun/18,Hotels & Motels,Hollywood Motel,(13.84),0.00 ,(13.84),
Bat Man,Credit Card,06.June,4/Jun/18,Retail-Grocery Stores,Safeway,(25.57),0.00 ,(25.57),
Bat Man,Credit Card,06.June,4/Jun/18,Retail-Fast Food,McDonald's,(25.25),0.00 ,(25.25),
Bat Man,Banking,06.June,5/Jun/18,eTransfer - Vacation Property rental,Aqua Land Rental,(5000.00),0.00 ,(5000.00),
Bat Man,Credit Card,06.June,5/Jun/18,Retail-Eating Places,Daisy's royal Pizza,(13.09),0.00 ,(13.09),
Bat Man,Credit Card,06.June,5/Jun/18,Services-auto cleaner,My CHOICE TRUCK & CAR   ,(26.00),0.00 ,(26.00),
Bat Man,Credit Card,06.June,7/Jun/18,Retail-Corner store,The cornerstone,(210.13),0.00 ,(210.13),
Bat Man,Credit Card,06.June,7/Jun/18,Retail-Fast Food,A&W,(52.19),0.00 ,(52.19),
Bat Man,Credit Card,06.June,10/Jun/18,Retail-Fast Food,KFC,(11.48),0.00 ,(11.48),
Bat Man,Credit Card,06.June,10/Jun/18,Hotels & Motels,Hollywood Motel,(70.00),0.00 ,(70.00),
Bat Man,Credit Card,06.June,11/Jun/18,Retail-Eating Places,Coral Reef,(39.07),0.00 ,(39.07),
Bat Man,Credit Card,06.June,11/Jun/18,Retail-Fast Food,Subway,(24.24),0.00 ,(24.24),
Bat Man,Credit Card,06.June,14/Jun/18,Retail-Eating Places,Panda's Imperial China Dim Sum,(40.00),0.00 ,(40.00),
Bat Man,Credit Card,06.June,15/Jun/18,Retail-Fast Food,Subway,(193.68),0.00 ,(193.68),
Bat Man,Credit Card,06.June,16/Jun/18,Retail-Fast Food,Tim Horton,(300.00),0.00 ,(300.00),
Bat Man,Credit Card,06.June,18/Jun/18,Services-auto cleaner,Lightning McQueen car wash,(31.49),0.00 ,(31.49),
Bat Man,Credit Card,06.June,19/Jun/18,Hotels & Motels,Magic Kingdom,(11.80),0.00 ,(11.80),
Bat Man,Credit Card,06.June,20/Jun/18,Retail-Eating Places,Panda's Imperial China Dim Sum,(51.41),0.00 ,(51.41),
Bat Man,Credit Card,06.June,21/Jun/18,Retail-Eating Places,Daisy's royal Pizza,(10.48),0.00 ,(10.48),
Bat Man,Credit Card,06.June,24/Jun/18,Retail-Fast Food,Pluto's Burger Baron,(121.00),0.00 ,(121.00),
Bob The Builder,Credit Card,06.June,24/Jun/18,"Retail-Building Materials, Hardware, Garden Supply",Canadian Tire,(150.57),0.00 ,(150.57),
Bat Man,Credit Card,06.June,26/Jun/18,Retail-Fast Food,Tim Horton,(134.82),0.00 ,(134.82),
Bat Man,Credit Card,06.June,27/Jun/18,Services-Golf,Magnolia Golf,(100.00),0.00 ,(100.00),
Bat Man,Credit Card,07.July,1/Jul/18,Services-Golf,Magnolia Golf,(100.00),0.00 ,(100.00),
Bat Man,Credit Card,07.July,2/Jul/18,Services-Golf,Magnolia Golf,(100.00),0.00 ,(100.00),
Bat Man,Credit Card,07.July,2/Jul/18,Retail-Eating Places,Panda's Imperial China Dim Sum,(11.84),0.00 ,(11.84),
Bat Man,Credit Card,07.July,4/Jul/18,Services-auto,Finn's car shop,(250.92),0.00 ,(250.92),
Bat Man,Credit Card,07.July,4/Jul/18,Retail-Fast Food,Subway,(12.37),0.00 ,(12.37),
Bat Man,Credit Card,07.July,5/Jul/18,Retail-Fast Food,Subway,(382.10),0.00 ,(382.10),
Bat Man,Credit Card,07.July,6/Jul/18,Services-auto,Finn's car shop,(15.93),0.00 ,(15.93),
Bat Man,Credit Card,07.July,8/Jul/18,Retail-Fast Food,Subway,(11.95),0.00 ,(11.95),
Bat Man,Credit Card,07.July,8/Jul/18,Hotels & Motels,Hollywood Motel,(125.00),0.00 ,(125.00),
Bat Man,Credit Card,07.July,9/Jul/18,Retail-Eating Places,Coral Reef,(13.95),0.00 ,(13.95),
Bat Man,Banking,07.July,10/Jul/18,eTransfer - Vacation Property rental,Aqua Land Rental,(5000.00),0.00 ,(5000.00),
Bat Man,Credit Card,07.July,10/Jul/18,Retail-Fast Food,Tim Horton,(11.01),0.00 ,(11.01),
Bat Man,Credit Card,07.July,12/Jul/18,Retail-Eating Places,Daisy's royal Pizza,(15.19),0.00 ,(15.19),
Bat Man,Credit Card,07.July,12/Jul/18,Retail-Fast Food,Tim Horton,(20.99),0.00 ,(20.99),
Bat Man,Credit Card,07.July,13/Jul/18,Retail-Fast Food,Tim Horton,(375.80),0.00 ,(375.80),
Bat Man,Credit Card,07.July,14/Jul/18,Retail-Fast Food,Tim Horton,(12.89),0.00 ,(12.89),
Bat Man,Credit Card,07.July,15/Jul/18,Retail-Fast Food,Subway,(42.81),0.00 ,(42.81),
Bob The Builder,Credit Card,07.July,15/Jul/18,"Retail-Building Materials, Hardware, Garden Supply",Canadian Tire,(9.02),0.00 ,(9.02),
Bat Man,Credit Card,07.July,15/Jul/18,Hotels & Motels,Magic Kingdom,(12.89),0.00 ,(12.89),
Bat Man,Credit Card,07.July,16/Jul/18,Retail-Fast Food,Jessie's' subs,(40.00),0.00 ,(40.00),
Bat Man,Credit Card,07.July,16/Jul/18,Retail-Fast Food,KFC,(2621.12),0.00 ,(2621.12),
Bat Man,Credit Card,07.July,17/Jul/18,Retail-Fast Food,McDonald's,(55.76),0.00 ,(55.76),
Bat Man,Credit Card,07.July,17/Jul/18,Retail-Fast Food,Jessie's' subs,(23.81),0.00 ,(23.81),
Bat Man,Credit Card,07.July,19/Jul/18,Services-auto cleaner,Lightning McQueen car wash,(31.49),0.00 ,(31.49),
Bat Man,Credit Card,07.July,20/Jul/18,Services-auto,Finn's car shop,(73.35),0.00 ,(73.35),
Bat Man,Credit Card,07.July,21/Jul/18,Retail-Gas station,Husky,(40.00),0.00 ,(40.00),
Bat Man,Credit Card,07.July,21/Jul/18,Retail-Gas station,Husky,(17.66),0.00 ,(17.66),
Bat Man,Credit Card,07.July,21/Jul/18,Boat supply,Boat & RV Superstore,(307.47),0.00 ,(307.47),
Bat Man,Credit Card,07.July,23/Jul/18,Services-auto cleaner,Lightning McQueen car wash,(31.49),0.00 ,(31.49),
Bat Man,Credit Card,07.July,24/Jul/18,Retail-Fast Food,Wendy's,(68.19),0.00 ,(68.19),
Bat Man,Credit Card,07.July,25/Jul/18,Retail-Gas station,Esso,(176.82),0.00 ,(176.82),
Bat Man,Credit Card,07.July,25/Jul/18,Hotels & Motels,Hollywood Motel,(90.00),0.00 ,(90.00),
Bat Man,Credit Card,08.August,2/Aug/18,Retail-Gas station,Mobile Gas,(350.00),0.00 ,(350.00),
Bat Man,Banking,08.August,3/Aug/18,eTransfer - Vacation Property rental,Aqua Land Rental,(5000.00),0.00 ,(5000.00),
Bat Man,Credit Card,08.August,4/Aug/18,Retail-Gas station,Husky,(81.04),0.00 ,(81.04),
Bat Man,Credit Card,08.August,6/Aug/18,Services-Golf,Magnolia Golf,(100.00),0.00 ,(100.00),
Bat Man,Credit Card,08.August,7/Aug/18,Services-Golf,Magnolia Golf,(100.00),0.00 ,(100.00),
Bat Man,Credit Card,08.August,8/Aug/18,Retail-Gas station,Husky,(383.15),0.00 ,(383.15),
Bat Man,Credit Card,08.August,10/Aug/18,Retail-Eating Places,Daisy's royal Pizza,(10.80),0.00 ,(10.80),
Bat Man,Credit Card,08.August,10/Aug/18,Retail-Gas station,Mobile Gas,(15.82),0.00 ,(15.82),
Bat Man,Credit Card,08.August,11/Aug/18,Services-Golf,Magnolia Golf,(100.00),0.00 ,(100.00),
Bat Man,Credit Card,08.August,11/Aug/18,Retail-Eating Places,Mario & Luigi restaurant,(331.80),0.00 ,(331.80),
Bat Man,Credit Card,08.August,13/Aug/18,Hotels & Motels,Hollywood Motel,(46.00),0.00 ,(46.00),
Bat Man,Credit Card,08.August,13/Aug/18,Retail-Fast Food,Jessie's' subs,(278.85),0.00 ,(278.85),
Bat Man,Credit Card,08.August,14/Aug/18,Retail-Fast Food,Subway,(51.57),0.00 ,(51.57),
Bat Man,Credit Card,08.August,14/Aug/18,Retail-Gas station,Esso,(40.71),0.00 ,(40.71),
Bat Man,Credit Card,08.August,14/Aug/18,Services-Golf,Magnolia Golf,(100.00),0.00 ,(100.00),
Bat Man,Credit Card,08.August,18/Aug/18,Services-Golf,Magnolia Golf,(100.00),0.00 ,(100.00),
Bat Man,Credit Card,08.August,19/Aug/18,Services-Golf,Magnolia Golf,(100.00),0.00 ,(100.00),
Bat Man,Credit Card,08.August,19/Aug/18,Retail-Gas station,Mobile Gas,(34.63),0.00 ,(34.63),
Bat Man,Credit Card,08.August,20/Aug/18,Retail-Fast Food,KFC,(16.68),0.00 ,(16.68),
Bat Man,Credit Card,08.August,20/Aug/18,Hotels & Motels,Hollywood Motel,(737.01),0.00 ,(737.01),
Bat Man,Credit Card,08.August,20/Aug/18,Retail-Fast Food,Subway,(87.23),0.00 ,(87.23),
Bat Man,Credit Card,08.August,20/Aug/18,Retail-Gas station,Mobile Gas,(129.21),0.00 ,(129.21),
Bat Man,Credit Card,08.August,21/Aug/18,Retail-Fast Food,Burger Patti,(48.15),0.00 ,(48.15),
Bat Man,Credit Card,08.August,22/Aug/18,Retail-Fast Food,Tim Horton,(8.82),0.00 ,(8.82),
Bat Man,Credit Card,08.August,23/Aug/18,Services-auto,Finn's car shop,(804.30),0.00 ,(804.30),
Bat Man,Credit Card,08.August,24/Aug/18,Services-Golf,Magnolia Golf,(100.00),0.00 ,(100.00),
Bat Man,Credit Card,08.August,24/Aug/18,Retail-Supplies,Staples,(15.50),0.00 ,(15.50),
Bat Man,Credit Card,08.August,26/Aug/18,Retail-Gas station,Husky,(8.82),0.00 ,(8.82),
Bat Man,Credit Card,08.August,26/Aug/18,Retail-Fast Food,Tim Horton,(52.41),0.00 ,(52.41),
Bat Man,Credit Card,08.August,26/Aug/18,Hotels & Motels,Magic Kingdom,(62.65),0.00 ,(62.65),
Bat Man,Credit Card,08.August,27/Aug/18,Services-auto cleaner,Lightning McQueen car wash,(31.49),0.00 ,(31.49),
Bat Man,Credit Card,08.August,27/Aug/18,Retail-Fast Food,Tim Horton,(166.07),0.00 ,(166.07),
Bat Man,Credit Card,09.Sept,4/Sep/18,Retail-Gas station,Shell,(56.22),0.00 ,(56.22),
Bat Man,Credit Card,09.Sept,4/Sep/18,Retail-Gas station,Shell,(166.75),0.00 ,(166.75),
Bat Man,Credit Card,09.Sept,4/Sep/18,Retail-Gas station,Mobile Gas,(85.58),0.00 ,(85.58),
Bat Man,Credit Card,09.Sept,4/Sep/18,Retail-Gas station,Husky,(168.26),0.00 ,(168.26),
Bat Man,Credit Card,09.Sept,5/Sep/18,Services-Golf,Magnolia Golf,(100.00),0.00 ,(100.00),
Bat Man,Credit Card,09.Sept,5/Sep/18,Retail-Gas station,Shell,(224.70),0.00 ,(224.70),
Bat Man,Credit Card,09.Sept,5/Sep/18,Hotels & Motels,Magic Kingdom,(61.58),0.00 ,(61.58),
Bat Man,Credit Card,09.Sept,6/Sep/18,Services-Golf,Magnolia Golf,(100.00),0.00 ,(100.00),
Bat Man,Credit Card,09.Sept,7/Sep/18,Retail-Gas station,Mobile Gas,(28.95),0.00 ,(28.95),
Bat Man,Credit Card,09.Sept,7/Sep/18,Services-Golf,Magnolia Golf,(100.00),0.00 ,(100.00),
Bat Man,Credit Card,09.Sept,9/Sep/18,Services-Golf,Magnolia Golf,(100.00),0.00 ,(100.00),
Bob The Builder,Credit Card,09.Sept,9/Sep/18,"Retail-Building Materials, Hardware, Garden Supply",Canadian Tire,(12.05),0.00 ,(12.05),
Bat Man,Credit Card,09.Sept,10/Sep/18,Retail-Gas station,Shell,(28.90),0.00 ,(28.90),
Bat Man,Credit Card,09.Sept,10/Sep/18,Retail-Fast Food,McDonald's,(7.86),0.00 ,(7.86),
Bat Man,Credit Card,09.Sept,11/Sep/18,Hotels & Motels,Hollywood Motel,(38.93),0.00 ,(38.93),
Bat Man,Credit Card,09.Sept,11/Sep/18,Retail-Eating Places,Tiana's cafe,(16.90),0.00 ,(16.90),
Bat Man,Credit Card,09.Sept,12/Sep/18,Retail-Fast Food,Tim Horton,(66.44),0.00 ,(66.44),
Bat Man,Credit Card,09.Sept,12/Sep/18,Retail-Eating Places,Tiana's cafe,(83.00),0.00 ,(83.00),
Bat Man,Credit Card,09.Sept,12/Sep/18,Retail-Fast Food,McDonald's,(15.41),0.00 ,(15.41),
Bat Man,Credit Card,09.Sept,13/Sep/18,Retail-Eating Places,Panda's Imperial China Dim Sum,(14.00),0.00 ,(14.00),
Bat Man,Credit Card,09.Sept,14/Sep/18,Retail-Fast Food,Tim Horton,(42.00),0.00 ,(42.00),
Bat Man,Credit Card,09.Sept,17/Sep/18,Retail-Gas station,Shell,(43.00),0.00 ,(43.00),
Bat Man,Credit Card,09.Sept,18/Sep/18,Retail-Eating Places,Panda's Imperial China Dim Sum,(87.00),0.00 ,(87.00),
Bat Man,Credit Card,09.Sept,18/Sep/18,Retail-Fast Food,McDonald's,(12.45),0.00 ,(12.45),
Bat Man,Credit Card,09.Sept,19/Sep/18,Retail - Books & Household items,Tiana's library,(222.30),0.00 ,(222.30),
Bat Man,Credit Card,09.Sept,19/Sep/18,Retail-Eating Places,Daisy's royal Pizza,(73.93),0.00 ,(73.93),
Bat Man,Credit Card,09.Sept,19/Sep/18,Retail-Eating Places,Panda's Imperial China Dim Sum,(40.00),0.00 ,(40.00),
Bat Man,Credit Card,09.Sept,19/Sep/18,Retail-Eating Places,Panda's Imperial China Dim Sum,(101.35),0.00 ,(101.35),
Bat Man,Credit Card,09.Sept,20/Sep/18,Retail-Eating Places,Coral Reef,(40.00),0.00 ,(40.00),
Bat Man,Credit Card,09.Sept,20/Sep/18,Hotels & Motels,Hollywood's inn,(375.80),0.00 ,(375.80),
Bat Man,Banking,09.Sept,24/Sep/18,eTransfer - Vacation Property rental,Aqua Land Rental,(5000.00),0.00 ,(5000.00),
Bat Man,Credit Card,09.Sept,24/Sep/18,Retail-Gas station,Mobile Gas,(43.00),0.00 ,(43.00),
Bat Man,Credit Card,09.Sept,30/Sep/18,Services-auto cleaner,Lightning McQueen car wash,(31.49),0.00 ,(31.49),
Bat Man,Credit Card,10.Oct,2/Oct/18,Retail-Gas station,Mobile Gas,(12.88),0.00 ,(12.88),
Bat Man,Credit Card,10.Oct,2/Oct/18,Retail-Eating Places,Tiana's cafe,(12.89),0.00 ,(12.89),
Bat Man,Credit Card,10.Oct,2/Oct/18,Hotels & Motels,Hollywood Motel,(6.53),0.00 ,(6.53),
Bat Man,Credit Card,10.Oct,2/Oct/18,Services-auto,Finn's car shop,(79.84),0.00 ,(79.84),
Bat Man,Credit Card,10.Oct,3/Oct/18,Retail-Eating Places,Tiana's cafe,(20.75),0.00 ,(20.75),
Bat Man,Credit Card,10.Oct,3/Oct/18,Retail-Fast Food,A&W,(81.19),0.00 ,(81.19),
Bat Man,Credit Card,10.Oct,4/Oct/18,Retail-Fast Food,KFC,(81.47),0.00 ,(81.47),
Bat Man,Credit Card,10.Oct,4/Oct/18,Retail-Fast Food,Jessie's' subs,(245.67),0.00 ,(245.67),
Bat Man,Credit Card,10.Oct,5/Oct/18,Retail-Fast Food,Tim Horton,(95.42),0.00 ,(95.42),
Bat Man,Credit Card,10.Oct,9/Oct/18,Retail-Gas station,Husky,(15.00),0.00 ,(15.00),
Bat Man,Credit Card,10.Oct,10/Oct/18,Retail-Fast Food,Burger King,(11.69),0.00 ,(11.69),
Bat Man,Credit Card,10.Oct,10/Oct/18,Hotels & Motels,Hollywood Motel,(75.43),0.00 ,(75.43),
Bat Man,Credit Card,10.Oct,13/Oct/18,Retail-Gas station,Mobile Gas,(10.45),0.00 ,(10.45),
Bat Man,Credit Card,10.Oct,15/Oct/18,Services-auto,Finn's car shop,(14.16),0.00 ,(14.16),
Bat Man,Credit Card,10.Oct,16/Oct/18,Hotels & Motels,Hollywood's inn,(178.00),0.00 ,(178.00),
Bat Man,Credit Card,10.Oct,16/Oct/18,Retail - Books & Household items,Tiana's library,(38.00),0.00 ,(38.00),
Bat Man,Credit Card,10.Oct,16/Oct/18,Retail-Fast Food,Tim Horton,(32.09),0.00 ,(32.09),
Bat Man,Credit Card,10.Oct,17/Oct/18,Retail-Gas station,Mobile Gas,(1260.00),0.00 ,(1260.00),
Bat Man,Credit Card,10.Oct,19/Oct/18,Retail-Fast Food,Tim Horton,(108.88),0.00 ,(108.88),
Bat Man,Credit Card,10.Oct,20/Oct/18,Retail-Fast Food,Burger King,(24.90),0.00 ,(24.90),
Bat Man,Credit Card,10.Oct,20/Oct/18,Retail-Fast Food,Wendy's,(8.11),0.00 ,(8.11),
Bat Man,Credit Card,10.Oct,21/Oct/18,Retail-Eating Places,Wendy's,(187.90),0.00 ,(187.90),
Bat Man,Credit Card,10.Oct,23/Oct/18,Retail-Fast Food,Burger King,(17.29),0.00 ,(17.29),
Bat Man,Credit Card,12.Dec,23/Dec/18,Services-Safety,Mani's lock and safety store,(20.99),0.00 ,(20.99),
Bat Man,Credit Card,10.Oct,24/Oct/18,Retail-Gas station,Mobile Gas,(40.00),0.00 ,(40.00),
Bat Man,Credit Card,10.Oct,25/Oct/18,Retail-Eating Places,Tiana's cafe,(72.24),0.00 ,(72.24),
Bat Man,Credit Card,10.Oct,25/Oct/18,Retail-Fast Food,Tim Horton,(54.25),0.00 ,(54.25),
Bat Man,Credit Card,10.Oct,26/Oct/18,Hotels & Motels,Hollywood Motel,(38.65),0.00 ,(38.65),
Bat Man,Credit Card,10.Oct,26/Oct/18,Retail-Fast Food,KFC,(49.00),0.00 ,(49.00),
Bat Man,Credit Card,10.Oct,26/Oct/18,Retail-Corner store,The cornerstone,(63.00),0.00 ,(63.00),
Bat Man,Credit Card,10.Oct,27/Oct/18,Services-auto cleaner,Lightning McQueen car wash,(31.49),0.00 ,(31.49),
Bat Man,Credit Card,10.Oct,29/Oct/18,Retail-Gas station,Mobile Gas,(88.00),0.00 ,(88.00),
Bat Man,Credit Card,10.Oct,29/Oct/18,Retail-Fast Food,Tim Horton,(122.00),0.00 ,(122.00),
Bat Man,Credit Card,10.Oct,30/Oct/18,Retail-Eating Places,Coral Reef,(122.00),0.00 ,(122.00),
Bat Man,Credit Card,10.Oct,31/Oct/18,Retail-Eating Places,Coral Reef,(75.00),0.00 ,(75.00),
Bat Man,Credit Card,10.Oct,31/Oct/18,Retail-Eating Places,Mulan's Sushi,(980.82),0.00 ,(980.82),
Bat Man,Credit Card,11.Nov,1/Nov/18,Retail-Eating Places,Coral Reef,(118.75),0.00 ,(118.75),
Bat Man,Credit Card,11.Nov,2/Nov/18,Retail-Eating Places,Coral Reef,(56.72),0.00 ,(56.72),
Bat Man,Credit Card,11.Nov,3/Nov/18,Retail-Eating Places,Coral Reef,(6.53),0.00 ,(6.53),
Bat Man,Credit Card,11.Nov,4/Nov/18,Retail-Eating Places,Coral Reef,(156.84),0.00 ,(156.84),
Bat Man,Credit Card,11.Nov,5/Nov/18,Retail-Eating Places,Coral Reef,(222.41),0.00 ,(222.41),
Bat Man,Credit Card,11.Nov,6/Nov/18,Hotels & Motels,Magic Kingdom,(138.85),0.00 ,(138.85),
Bat Man,Credit Card,11.Nov,6/Nov/18,Retail-Eating Places,Daisy's royal Pizza,(19.99),0.00 ,(19.99),
Bat Man,Credit Card,11.Nov,6/Nov/18,Retail-Gas station,Esso,(41.16),0.00 ,(41.16),
Bat Man,Credit Card,11.Nov,9/Nov/18,Retail-Fast Food,Tim Horton,(253.72),0.00 ,(253.72),
Bob The Builder,Credit Card,03.Mar,22/Mar/18,Retail-Grocery Stores,Superstore,(17.48),0.00 ,(17.48),
Bob The Builder,Credit Card,04.April,25/Apr/18,Retail-Grocery Stores,Superstore,(133.00),0.00 ,(133.00),
Bob The Builder,Credit Card,05.May,4/May/18,Retail-Grocery Stores,Wal-Mart,(88.36),0.00 ,(88.36),
Bob The Builder,Credit Card,05.May,18/May/18,Retail-Grocery Stores,Sobeys,(49.69),0.00 ,(49.69),
Bob The Builder,Credit Card,05.May,22/May/18,Retail-Grocery Stores,Sobeys,(48.66),0.00 ,(48.66),
Bob The Builder,Credit Card,05.May,25/May/18,Retail-Grocery Stores,Superstore,(69.25),0.00 ,(69.25),
Bob The Builder,Credit Card,05.May,29/May/18,Retail-Grocery Stores,Sobeys,(28.03),0.00 ,(28.03),
Bob The Builder,Credit Card,05.May,30/May/18,Retail-Grocery Stores,Wal-Mart,(135.14),0.00 ,(135.14),
Bob The Builder,Credit Card,06.June,2/Jun/18,Retail-Grocery Stores,Superstore,(51.18),0.00 ,(51.18),
Bob The Builder,Credit Card,06.June,7/Jun/18,Retail-Grocery Stores,Sobeys,(78.44),0.00 ,(78.44),
Bob The Builder,Credit Card,06.June,8/Jun/18,Retail-Grocery Stores,Superstore,(178.37),0.00 ,(178.37),
Bob The Builder,Credit Card,06.June,11/Jun/18,Retail-Grocery Stores,Superstore,(24.18),0.00 ,(24.18),
Bob The Builder,Credit Card,06.June,14/Jun/18,Retail-Grocery Stores,Superstore,(43.12),0.00 ,(43.12),
Bob The Builder,Credit Card,06.June,28/Jun/18,Retail-Grocery Stores,Superstore,(59.12),0.00 ,(59.12),
Bob The Builder,Credit Card,07.July,2/Jul/18,Retail-Grocery Stores,Superstore,(165.30),0.00 ,(165.30),
Bob The Builder,Credit Card,07.July,16/Jul/18,Retail-Grocery Stores,Sobeys,(37.89),0.00 ,(37.89),
Bob The Builder,Credit Card,07.July,23/Jul/18,Retail-Grocery Stores,Wal-Mart,(28.99),0.00 ,(28.99),
Bob The Builder,Credit Card,07.July,30/Jul/18,Retail-Grocery Stores,Sobeys,(19.13),0.00 ,(19.13),
Bob The Builder,Credit Card,08.August,21/Aug/18,Retail-Grocery Stores,Superstore,(44.09),0.00 ,(44.09),
Bob The Builder,Credit Card,08.August,24/Aug/18,Retail-Grocery Stores,Superstore,(53.90),0.00 ,(53.90),
Bob The Builder,Credit Card,08.August,31/Aug/18,Retail-Grocery Stores,Superstore,(87.66),0.00 ,(87.66),
Bob The Builder,Credit Card,09.Sept,2/Sep/18,Retail-Grocery Stores,Superstore,(165.30),0.00 ,(165.30),
Bob The Builder,Credit Card,09.Sept,5/Sep/18,Retail-Grocery Stores,Sobeys,(108.27),0.00 ,(108.27),
Bob The Builder,Credit Card,09.Sept,7/Sep/18,Retail-Grocery Stores,Sobeys,(16.64),0.00 ,(16.64),
Bob The Builder,Credit Card,09.Sept,17/Sep/18,Retail-Grocery Stores,Wal-Mart,(19.92),0.00 ,(19.92),
Bob The Builder,Credit Card,09.Sept,21/Sep/18,Retail-Grocery Stores,Sobeys,(10.98),0.00 ,(10.98),
Bob The Builder,Credit Card,09.Sept,24/Sep/18,Retail-Grocery Stores,Superstore,(67.55),0.00 ,(67.55),
Bob The Builder,Credit Card,09.Sept,28/Sep/18,Retail-Grocery Stores,Superstore,(170.96),0.00 ,(170.96),
Bob The Builder,Credit Card,10.Oct,3/Oct/18,Retail-Grocery Stores,Superstore,(17.98),0.00 ,(17.98),
Bob The Builder,Credit Card,10.Oct,9/Oct/18,Retail-Grocery Stores,Superstore,(93.86),0.00 ,(93.86),
Bob The Builder,Credit Card,10.Oct,10/Oct/18,Retail-Grocery Stores,Wal-Mart,(63.71),0.00 ,(63.71),
Bob The Builder,Credit Card,10.Oct,15/Oct/18,Retail-Grocery Stores,Sobeys,(101.35),0.00 ,(101.35),
Bob The Builder,Credit Card,10.Oct,19/Oct/18,Retail-Grocery Stores,Sobeys,(40.00),0.00 ,(40.00),
Bob The Builder,Credit Card,11.Nov,7/Nov/18,Retail-Grocery Stores,Wal-Mart,(250.00),0.00 ,(250.00),
Bob The Builder,Credit Card,11.Nov,9/Nov/18,Retail-Grocery Stores,Sobeys,(190.00),0.00 ,(190.00),
Bat Man,Banking,10.Oct,24/Oct/18,eTransfer - Vacation Property rental,Aqua Land Rental,(5000.00),0.00 ,(5000.00),
Bat Man,Banking,11.Nov,24/Nov/18,eTransfer - Vacation Property rental,Aqua Land Rental,(5000.00),0.00 ,(5000.00),
Bat Man,Credit Card,12.Dec,2/Dec/18,Retail-Gas station,Mobile Gas,(6.53),0.00 ,(6.53),
Bat Man,Credit Card,12.Dec,2/Dec/18,Retail-Eating Places,Tiana's cafe,(79.84),0.00 ,(79.84),
Bat Man,Credit Card,12.Dec,2/Dec/18,Hotels & Motels,Hollywood Motel,(20.75),0.00 ,(20.75),
Bat Man,Credit Card,12.Dec,2/Dec/18,Services-auto,Finn's car shop,(81.19),0.00 ,(81.19),
Bat Man,Credit Card,12.Dec,3/Dec/18,Retail-Eating Places,Tiana's cafe,(81.47),0.00 ,(81.47),
Bat Man,Credit Card,12.Dec,3/Dec/18,Retail-Fast Food,A&W,(245.67),0.00 ,(245.67),
Bat Man,Credit Card,12.Dec,4/Dec/18,Retail-Fast Food,KFC,(95.42),0.00 ,(95.42),
Bat Man,Credit Card,12.Dec,4/Dec/18,Retail-Fast Food,Jessie's' subs,(15.00),0.00 ,(15.00),
Bat Man,Credit Card,12.Dec,5/Dec/18,Retail-Fast Food,Tim Horton,(11.69),0.00 ,(11.69),
Bat Man,Credit Card,12.Dec,9/Dec/18,Retail-Gas station,Husky,(75.43),0.00 ,(75.43),
Bat Man,Credit Card,12.Dec,10/Dec/18,Retail-Fast Food,Burger King,(10.45),0.00 ,(10.45),
Bat Man,Credit Card,12.Dec,10/Dec/18,Hotels & Motels,Hollywood Motel,(14.16),0.00 ,(14.16),
Bat Man,Credit Card,12.Dec,13/Dec/18,Retail-Gas station,Mobile Gas,(16.97),0.00 ,(16.97),
Bat Man,Credit Card,12.Dec,15/Dec/18,Services-auto,Finn's car shop,(38.00),0.00 ,(38.00),
Bat Man,Credit Card,12.Dec,16/Dec/18,Hotels & Motels,Hollywood's inn,(178.00),0.00 ,(178.00),
Bat Man,Credit Card,12.Dec,16/Dec/18,Retail - Books & Household items,Tiana's library,(108.88),0.00 ,(108.88),
Bat Man,Credit Card,12.Dec,16/Dec/18,Retail-Fast Food,Tim Horton,(24.90),0.00 ,(24.90),
Bat Man,Credit Card,12.Dec,17/Dec/18,Retail-Gas station,Mobile Gas,(8.11),0.00 ,(8.11),
Bat Man,Credit Card,12.Dec,19/Dec/18,Retail-Fast Food,Tim Horton,(187.90),0.00 ,(187.90),
Bat Man,Credit Card,12.Dec,20/Dec/18,Retail-Fast Food,Burger King,(17.29),0.00 ,(17.29),
Bat Man,Credit Card,12.Dec,20/Dec/18,Retail-Fast Food,Wendy's,(20.99),0.00 ,(20.99),
Bat Man,Credit Card,12.Dec,21/Dec/18,Retail-Eating Places,Wendy's,(40.00),0.00 ,(40.00),
Bat Man,Credit Card,12.Dec,23/Dec/18,Retail-Fast Food,Burger King,(72.24),0.00 ,(72.24),
Bat Man,Credit Card,12.Dec,24/Dec/18,Retail-Gas station,Mobile Gas,(54.25),0.00 ,(54.25),
Bat Man,Credit Card,12.Dec,25/Dec/18,Retail-Eating Places,Tiana's cafe,(38.65),0.00 ,(38.65),
Bat Man,Credit Card,12.Dec,25/Dec/18,Retail-Fast Food,Tim Horton,(49.00),0.00 ,(49.00),
Bat Man,Credit Card,12.Dec,26/Dec/18,Hotels & Motels,Hollywood Motel,(63.00),0.00 ,(63.00),
Bat Man,Credit Card,12.Dec,26/Dec/18,Retail-Fast Food,KFC,(31.49),0.00 ,(31.49),
Bat Man,Credit Card,12.Dec,26/Dec/18,Retail-Corner store,The cornerstone,(31.49),0.00 ,(31.49),
Bat Man,Credit Card,12.Dec,27/Dec/18,Services-auto cleaner,Lightning McQueen car wash,(31.49),0.00 ,(31.49),
Bat Man,Credit Card,12.Dec,29/Dec/18,Retail-Gas station,Mobile Gas,(31.49),0.00 ,(31.49),
Bat Man,Credit Card,12.Dec,29/Dec/18,Retail-Fast Food,Tim Horton,(21.80),0.00 ,(21.80),
Bat Man,Credit Card,12.Dec,30/Dec/18,Retail-Eating Places,Coral Reef,(16.75),0.00 ,(16.75),
Bat Man,Credit Card,12.Dec,31/Dec/18,Retail-Eating Places,Coral Reef,(134.75),0.00 ,(134.75),
Bat Man,Credit Card,12.Dec,31/Dec/18,Retail-Eating Places,Mulan's Sushi,(8.91),0.00 ,(8.91),
Bat Man,Banking,12.Dec,24/Dec/18,eTransfer - Vacation Property rental,Aqua Land Rental,(5000.00),0.00 ,(5000.00),
Jerry Maguire,Credit Card,12.Dec,3/Dec/18,Services-auto cleaner,Lightning McQueen car wash,(31.49),0.00 ,(31.49),
Jerry Maguire,Credit Card,12.Dec,10/Dec/18,Services-auto cleaner,Lightning McQueen car wash,(31.49),0.00 ,(31.49),
Jerry Maguire,Credit Card,12.Dec,17/Dec/18,Services-auto cleaner,Lightning McQueen car wash,(31.49),0.00 ,(31.49),
Jerry Maguire,Credit Card,12.Dec,24/Dec/18,Services-auto cleaner,Lightning McQueen car wash,(31.49),0.00 ,(31.49),
Jerry Maguire,Credit Card,12.Dec,1/Dec/18,Retail-Grocery Stores,Wal-Mart,(125.00),0.00 ,(125.00),
Jerry Maguire,Credit Card,12.Dec,5/Dec/18,Retail-Grocery Stores,Safeway,(200.00),0.00 ,(200.00),
Jerry Maguire,Credit Card,12.Dec,7/Dec/18,Retail-Eating Places,Moxies,0.00 ,0.00 ,0.00 ,
Jerry Maguire,Credit Card,12.Dec,7/Dec/18,Retail-Fast Food,Tim Horton,0.00 ,0.00 ,0.00 ,
Jerry Maguire,Credit Card,12.Dec,22/Dec/18,Services-auto cleaner,Lightning McQueen car wash,(31.49),0.00 ,(31.49),
Jerry Maguire,Credit Card,12.Dec,9/Dec/18,"Retail-Building Materials, Hardware, Garden Supply",Home Depot,0.00 ,0.00 ,0.00 ,
Jerry Maguire,Credit Card,12.Dec,9/Dec/18,Retail-Eating Places,Sushi Shop,0.00 ,0.00 ,0.00 ,
Jerry Maguire,Credit Card,12.Dec,12/Dec/18,Retail-Fast Food,Tim Horton,0.00 ,0.00 ,0.00 ,
Jerry Maguire,Banking,03.Mar,1/Mar/18,Income,Pay cheque,0.00 ,3000.00 ,3000.00 ,
Jerry Maguire,Banking,04.April,1/Apr/18,Income,Pay cheque,0.00 ,3000.00 ,3000.00 ,
Jerry Maguire,Banking,05.May,1/May/18,Income,Pay cheque,0.00 ,3000.00 ,3000.00 ,
Jerry Maguire,Banking,06.June,1/Jun/18,Income,Pay cheque,0.00 ,3000.00 ,3000.00 ,
Jerry Maguire,Banking,07.July,1/Jul/18,Income,Pay cheque,0.00 ,3000.00 ,3000.00 ,
Jerry Maguire,Banking,08.August,1/Aug/18,Income,Pay cheque,0.00 ,3000.00 ,3000.00 ,
Jerry Maguire,Banking,09.Sept,1/Sep/18,Income,Pay cheque,0.00 ,3000.00 ,3000.00 ,
Jerry Maguire,Banking,10.Oct,1/Oct/18,Income,Pay cheque,0.00 ,3000.00 ,3000.00 ,
Jerry Maguire,Banking,11.Nov,1/Nov/18,Income,Pay cheque,0.00 ,3000.00 ,3000.00 ,
Jerry Maguire,Banking,12.Dec,1/Dec/18,Income,Pay cheque,0.00 ,3000.00 ,3000.00 ,
Bat Man,Banking,01.Jan,1/Jan/18,Income,Pay cheque,0.00 ,10000.00 ,10000.00 ,
Bat Man,Banking,02.Feb,1/Feb/18,Income,Pay cheque,0.00 ,10000.00 ,10000.00 ,
Bat Man,Banking,03.Mar,1/Mar/18,Income,Pay cheque,0.00 ,10000.00 ,10000.00 ,
Bat Man,Banking,04.April,1/Apr/18,Income,Pay cheque,0.00 ,10000.00 ,10000.00 ,
Bat Man,Banking,05.May,1/May/18,Income,Pay cheque,0.00 ,10000.00 ,10000.00 ,
Bat Man,Banking,06.June,1/Jun/18,Income,Pay cheque,0.00 ,10000.00 ,10000.00 ,
Bat Man,Banking,07.July,1/Jul/18,Income,Pay cheque,0.00 ,10000.00 ,10000.00 ,
Bat Man,Banking,08.August,1/Aug/18,Income,Pay cheque,0.00 ,10000.00 ,10000.00 ,
Bat Man,Banking,09.Sept,1/Sep/18,Income,Pay cheque,0.00 ,10000.00 ,10000.00 ,
Bat Man,Banking,10.Oct,1/Oct/18,Income,Pay cheque,0.00 ,10000.00 ,10000.00 ,
Bat Man,Banking,11.Nov,1/Nov/18,Income,Pay cheque,0.00 ,10000.00 ,10000.00 ,
Bat Man,Banking,12.Dec,1/Dec/18,Income,Pay cheque,0.00 ,10000.00 ,10000.00 ,
Bob The Builder,Banking,01.Jan,1/Jan/18,Income,Side Job pay,0.00 ,1000.00 ,1000.00 ,
Bob The Builder,Banking,02.Feb,1/Feb/18,Income,Side Job pay,0.00 ,1000.00 ,1000.00 ,
Bob The Builder,Banking,03.Mar,1/Mar/18,Income,Side Job pay,0.00 ,1000.00 ,1000.00 ,
Bob The Builder,Banking,04.April,1/Apr/18,Income,Side Job pay,0.00 ,1000.00 ,1000.00 ,
Bob The Builder,Banking,05.May,1/May/18,Income,Side Job pay,0.00 ,1000.00 ,1000.00 ,
Bob The Builder,Banking,06.June,1/Jun/18,Income,Side Job pay,0.00 ,1000.00 ,1000.00 ,
Bob The Builder,Banking,07.July,1/Jul/18,Income,Side Job pay,0.00 ,1000.00 ,1000.00 ,
Bob The Builder,Banking,08.August,1/Aug/18,Income,Side Job pay,0.00 ,1000.00 ,1000.00 ,
Bob The Builder,Banking,09.Sept,1/Sep/18,Income,Side Job pay,0.00 ,1000.00 ,1000.00 ,
Bob The Builder,Banking,10.Oct,1/Oct/18,Income,Pay cheque,0.00 ,3000.00 ,3000.00 ,
Bob The Builder,Banking,11.Nov,1/Nov/18,Income,Pay cheque,0.00 ,3000.00 ,3000.00 ,
Bob The Builder,Banking,12.Dec,1/Dec/18,Income,Pay cheque,0.00 ,3000.00 ,3000.00 ,
Bob The Builder,Credit Card,12.Dec,1/Dec/18,Retail-Grocery Stores,Wal-Mart,(250.00),0.00 ,(250.00),
Bob The Builder,Credit Card,12.Dec,5/Dec/18,Retail-Grocery Stores,Safeway,(175.00),0.00 ,(175.00),
Bat Man,Credit Card,01.Jan,14/Jan/18,Retail-Eating Places,Panda's Imperial China Dim Sum,(80.00),0.00 ,(80.00),
Bat Man,Credit Card,01.Jan,30/Jan/18,Retail-Fast Food,A&W,(15.55),0.00 ,(15.55),
Bat Man,Credit Card,01.Jan,9/Jan/18,Services-auto cleaner,Lightning McQueen car wash,(31.49),0.00 ,(38.01),
Bat Man,Credit Card,01.Jan,10/Jan/18,Retail-Eating Places,Panda's Imperial China Dim Sum,(45.15),0.00 ,(45.15),
Bat Man,Credit Card,01.Jan,11/Jan/18,Retail-Gas station,Mobile Gas,(28.68),0.00 ,(28.68),
Bat Man,Credit Card,01.Jan,11/Jan/18,Retail-Eating Places,Panda's Imperial China Dim Sum,(179.64),0.00 ,(179.64),
Bat Man,Credit Card,01.Jan,12/Jan/18,Hotels & Motels,Hollywood's inn,(178.00),0.00 ,(178.00),
Bat Man,Credit Card,01.Jan,12/Jan/18,Retail-Eating Places,Snow White Kitchen,(45.15),0.00 ,(45.15),
Bat Man,Credit Card,01.Jan,17/Jan/18,Hotels & Motels,Hollywood Motel,(18.22),0.00 ,(18.22),
Bat Man,Credit Card,01.Jan,18/Jan/18,Retail-Fast Food,McDonald's,(23.48),0.00 ,(23.48),
Bat Man,Credit Card,01.Jan,18/Jan/18,Retail-Fast Food,Subway,(40.00),0.00 ,(40.00),
Bat Man,Credit Card,01.Jan,22/Jan/18,Services-auto cleaner,Lightning McQueen car wash,(31.49),0.00 ,(79.78),
Bat Man,Credit Card,01.Jan,27/Jan/18,Retail-Fast Food,Tim Horton,(8.48),0.00 ,(8.48),
Bat Man,Credit Card,02.Feb,9/Feb/18,Services-auto cleaner,Lightning McQueen car wash,(31.49),0.00 ,(23.40),
Bat Man,Credit Card,02.Feb,15/Feb/18,Services-auto cleaner,Lightning McQueen car wash,(31.49),0.00 ,(64.49),
Bat Man,Credit Card,02.Feb,21/Feb/18,Services-auto cleaner,Lightning McQueen car wash,(31.49),0.00 ,(114.16),
Bat Man,Credit Card,03.Mar,9/Mar/18,Services-auto cleaner,Lightning McQueen car wash,(31.49),0.00 ,(23.40),
Bat Man,Credit Card,03.Mar,15/Mar/18,Services-auto cleaner,Lightning McQueen car wash,(31.49),0.00 ,(64.49),
Bat Man,Credit Card,03.Mar,21/Mar/18,Services-auto cleaner,Lightning McQueen car wash,(31.49),0.00 ,(114.16),
